Time,Tco,Tho
1.0,30.359608,89.940071
2.0,30.690229,89.883063
3.0,31.009566,89.82612
4.0,31.317981,89.769242
5.0,31.615874,89.71243
6.0,31.903488,89.655682
7.0,32.181226,89.599
8.0,32.44941,89.542382
9.0,32.708388,89.48583
10.0,32.958479,89.429342
11.0,33.19997,89.372919
12.0,33.43315,89.31656
13.0,33.658352,89.260267
14.0,33.875833,89.204037
15.0,34.085811,89.147873
16.0,34.288617,89.091772
17.0,34.484501,89.035736
18.0,34.673617,88.979764
19.0,34.856272,88.923856
20.0,35.032707,88.868013
21.0,35.203042,88.812233
22.0,35.367552,88.756517
23.0,35.526463,88.700865
24.0,35.898224,88.655402
25.0,36.26921,88.610554
26.0,36.627487,88.565757
27.0,36.973526,88.521011
28.0,37.307643,88.476316
29.0,37.630253,88.431673
30.0,37.941768,88.387081
31.0,38.242566,88.34254
32.0,38.533021,88.298051
33.0,38.813357,88.253612
34.0,39.083997,88.209225
35.0,39.34533,88.164888
36.0,39.597741,88.120602
37.0,39.841608,88.076368
38.0,40.077022,88.032184
39.0,40.304402,87.98805
40.0,40.524042,87.943968
41.0,40.736099,87.899936
42.0,40.940905,87.855954
43.0,41.138707,87.812024
44.0,41.329688,87.768143
45.0,41.514131,87.724313
46.0,41.69225,87.680533
47.0,41.86423,87.636804
48.0,42.030322,87.593125
49.0,42.190709,87.549496
50.0,42.345572,87.505917
51.0,42.495136,87.462388
52.0,42.639534,87.418909
53.0,42.778937,87.37548
54.0,42.913543,87.332101
55.0,43.043536,87.288771
56.0,43.169099,87.245492
57.0,43.290322,87.202262
58.0,43.407343,87.159081
59.0,43.520351,87.115951
60.0,43.629497,87.072869
61.0,43.73493,87.029838
62.0,43.836748,86.986855
63.0,43.935052,86.943922
64.0,44.029992,86.901039
65.0,44.121684,86.858204
66.0,44.210241,86.815419
67.0,44.295767,86.772683
68.0,44.378365,86.729996
69.0,44.458133,86.687357
70.0,44.535162,86.644768
71.0,44.609539,86.602228
72.0,44.681385,86.559737
73.0,44.750852,86.517294
74.0,44.81797,86.4749
75.0,44.882814,86.432555
76.0,44.945457,86.390258
77.0,45.005965,86.34801
78.0,45.064399,86.30581
79.0,45.120815,86.263659
80.0,45.175264,86.221556
81.0,45.22779,86.179502
82.0,45.278434,86.137496
83.0,45.327366,86.095538
84.0,45.374649,86.053628
85.0,45.420286,86.011766
86.0,45.464329,85.969953
87.0,45.506828,85.928187
88.0,45.547832,85.886469
89.0,45.587415,85.8448
90.0,45.625639,85.803178
91.0,45.662538,85.761603
92.0,45.69816,85.720077
93.0,45.732552,85.678598
94.0,45.765759,85.637167
95.0,45.797821,85.595783
96.0,45.828774,85.554447
97.0,45.858663,85.513158
98.0,45.887525,85.471917
99.0,45.915397,85.430723
100.0,45.942315,85.389576
101.0,45.968312,85.348476
102.0,45.993417,85.307424
103.0,46.017663,85.266419
104.0,46.041077,85.225461
105.0,46.063687,85.184549
106.0,46.085519,85.143685
107.0,46.106606,85.102868
108.0,46.127013,85.062097
109.0,46.146734,85.021374
110.0,46.165792,84.980697
111.0,46.184207,84.940066
112.0,46.201999,84.899483
113.0,46.219184,84.858945
114.0,46.23578,84.818455
115.0,46.251799,84.778011
116.0,46.267255,84.737613
117.0,46.282158,84.697262
118.0,46.296517,84.656957
119.0,46.31039,84.616698
120.0,46.323828,84.576485
121.0,46.336798,84.536319
122.0,46.349315,84.496198
123.0,46.361391,84.456124
124.0,46.373039,84.416096
125.0,46.384269,84.376113
126.0,46.395094,84.336177
127.0,46.405553,84.296286
128.0,46.415658,84.256441
129.0,46.425411,84.216642
130.0,46.434823,84.176888
131.0,46.443906,84.13718
132.0,46.452672,84.097518
133.0,46.461133,84.057901
134.0,46.469298,84.018329
135.0,46.477183,83.978803
136.0,46.484795,83.939323
137.0,46.492145,83.899887
138.0,46.499241,83.860497
139.0,46.506092,83.821152
140.0,46.512708,83.781852
141.0,46.519097,83.742597
142.0,46.525268,83.703388
143.0,46.53123,83.664223
144.0,46.53699,83.625103
145.0,46.542554,83.586028
146.0,46.547929,83.546998
147.0,46.553122,83.508013
148.0,46.558137,83.469072
149.0,46.562981,83.430176
150.0,46.567658,83.391325
151.0,46.572174,83.352518
152.0,46.576533,83.313756
153.0,46.580738,83.275038
154.0,46.584794,83.236365
155.0,46.588734,83.197736
156.0,46.592549,83.159151
157.0,46.596237,83.120611
158.0,46.5998,83.082115
159.0,46.603243,83.043663
160.0,46.606567,83.005255
161.0,46.609777,82.966891
162.0,46.612873,82.928571
163.0,46.615859,82.890295
164.0,46.618736,82.852063
165.0,46.621506,82.813875
166.0,46.62417,82.775731
167.0,46.626755,82.73763
168.0,46.629277,82.699573
169.0,46.631714,82.66156
170.0,46.634068,82.62359
171.0,46.63634,82.585664
172.0,46.638533,82.547781
173.0,46.640648,82.509942
174.0,46.642686,82.472147
175.0,46.644649,82.434394
176.0,46.646539,82.396685
177.0,46.648354,82.359019
178.0,46.650098,82.321396
179.0,46.651776,82.283817
180.0,46.653425,82.246281
181.0,46.655017,82.208787
182.0,46.656553,82.171337
183.0,46.658035,82.133929
184.0,46.659464,82.096565
185.0,46.660841,82.059243
186.0,46.662169,82.021964
187.0,46.663447,81.984728
188.0,46.664677,81.947535
189.0,46.66586,81.910384
190.0,46.666996,81.873276
191.0,46.668087,81.83621
192.0,46.669152,81.799187
193.0,46.670183,81.762207
194.0,46.671177,81.725268
195.0,46.672136,81.688372
196.0,46.673061,81.651519
197.0,46.673953,81.614708
198.0,46.674813,81.577938
199.0,46.675642,81.541212
200.0,46.67644,81.504527
201.0,46.677209,81.467884
202.0,46.677949,81.431283
203.0,46.678661,81.394724
204.0,46.67935,81.358208
205.0,46.680019,81.321733
206.0,46.680665,81.285299
207.0,46.681288,81.248908
208.0,46.681889,81.212558
209.0,46.682469,81.17625
210.0,46.683029,81.139984
211.0,46.683569,81.103759
212.0,46.68409,81.067576
213.0,46.684592,81.031434
214.0,46.685075,80.995334
215.0,46.685541,80.959275
216.0,46.685991,80.923258
217.0,46.686429,80.887281
218.0,46.686852,80.851346
219.0,46.68726,80.815453
220.0,46.687654,80.7796
221.0,46.688035,80.743788
222.0,46.688402,80.708018
223.0,46.688757,80.672288
224.0,46.689099,80.6366
225.0,46.689429,80.600952
226.0,46.689746,80.565345
227.0,46.690052,80.529779
228.0,46.690346,80.494254
229.0,46.690633,80.45877
230.0,46.690911,80.423326
231.0,46.69118,80.387923
232.0,46.69144,80.35256
233.0,46.69169,80.317238
234.0,46.691932,80.281957
235.0,46.692165,80.246716
236.0,46.69239,80.211515
237.0,46.692607,80.176355
238.0,46.692815,80.141235
239.0,46.693016,80.106155
240.0,46.693208,80.071116
241.0,46.693398,80.036116
242.0,46.693587,80.001157
243.0,46.693772,79.966238
244.0,46.693951,79.931359
245.0,46.694127,79.896519
246.0,46.694299,79.86172
247.0,46.694466,79.826961
248.0,46.694631,79.792241
249.0,46.694791,79.757562
250.0,46.694949,79.722922
251.0,46.695103,79.688321
252.0,46.695255,79.653761
253.0,46.695403,79.61924
254.0,46.695548,79.584758
255.0,46.695691,79.550317
256.0,46.69583,79.515914
257.0,46.695966,79.481551
258.0,46.696099,79.447228
259.0,46.696229,79.412943
260.0,46.696356,79.378698
261.0,46.696479,79.344493
262.0,46.696597,79.310326
263.0,46.696712,79.276199
264.0,46.696822,79.24211
265.0,46.696928,79.208061
266.0,46.697028,79.174051
267.0,46.697122,79.14008
268.0,46.69721,79.106148
269.0,46.697292,79.072254
270.0,46.697366,79.0384
271.0,46.697432,79.004584
272.0,46.69749,78.970807
273.0,46.697538,78.937069
274.0,46.697587,78.903369
275.0,46.697669,78.869708
276.0,46.697748,78.836086
277.0,46.697824,78.802502
278.0,46.697898,78.768957
279.0,46.697969,78.73545
280.0,46.698037,78.701981
281.0,46.698102,78.668551
282.0,46.698164,78.635159
283.0,46.698223,78.601806
284.0,46.698278,78.56849
285.0,46.69833,78.535213
286.0,46.698378,78.501974
287.0,46.698423,78.468773
288.0,46.698463,78.43561
289.0,46.6985,78.402485
290.0,46.698532,78.369398
291.0,46.698559,78.336349
292.0,46.698582,78.303338
293.0,46.698601,78.270365
294.0,46.698614,78.237429
295.0,46.698622,78.204531
296.0,46.698624,78.171671
297.0,46.698636,78.138848
298.0,46.698649,78.106064
299.0,46.698659,78.073316
300.0,46.698667,78.040606
301.0,46.698673,78.007934
302.0,46.698677,77.975299
303.0,46.698679,77.942702
304.0,46.698679,77.910141
305.0,46.698678,77.877619
306.0,46.698675,77.845133
307.0,46.698671,77.812685
308.0,46.698666,77.780273
309.0,46.698659,77.747899
310.0,46.698652,77.715562
311.0,46.698645,77.683262
312.0,46.698637,77.651
313.0,46.69863,77.618774
314.0,46.698622,77.586585
315.0,46.698616,77.554432
316.0,46.69861,77.522317
317.0,46.698605,77.490239
318.0,46.698602,77.458197
319.0,46.698595,77.426192
320.0,46.698578,77.394223
321.0,46.698561,77.362292
322.0,46.698543,77.330396
323.0,46.698525,77.298538
324.0,46.698507,77.266716
325.0,46.698489,77.23493
326.0,46.698471,77.203181
327.0,46.698453,77.171468
328.0,46.698436,77.139791
329.0,46.69842,77.108151
330.0,46.698404,77.076547
331.0,46.698389,77.044979
332.0,46.698376,77.013447
333.0,46.698363,76.981952
334.0,46.698353,76.950492
335.0,46.698344,76.919069
336.0,46.698337,76.887681
337.0,46.698332,76.85633
338.0,46.69833,76.825014
339.0,46.69833,76.793734
340.0,46.698334,76.76249
341.0,46.69834,76.731282
342.0,46.698335,76.70011
343.0,46.698331,76.668973
344.0,46.698327,76.637872
345.0,46.698324,76.606807
346.0,46.698321,76.575777
347.0,46.69832,76.544783
348.0,46.698319,76.513824
349.0,46.69832,76.482901
350.0,46.698321,76.452013
351.0,46.698322,76.42116
352.0,46.698325,76.390343
353.0,46.698328,76.359561
354.0,46.698332,76.328815
355.0,46.698336,76.298103
356.0,46.698341,76.267427
357.0,46.698347,76.236786
358.0,46.698353,76.20618
359.0,46.698359,76.175609
360.0,46.698366,76.145073
361.0,46.698372,76.114572
362.0,46.698379,76.084106
363.0,46.698386,76.053675
364.0,46.698395,76.023279
365.0,46.698405,75.992917
366.0,46.698417,75.962591
367.0,46.698428,75.932299
368.0,46.69844,75.902042
369.0,46.698452,75.871819
370.0,46.698465,75.841631
371.0,46.698477,75.811478
372.0,46.698489,75.781359
373.0,46.698501,75.751274
374.0,46.698513,75.721224
375.0,46.698525,75.691209
376.0,46.698536,75.661228
377.0,46.698547,75.631281
378.0,46.698557,75.601368
379.0,46.698566,75.57149
380.0,46.698575,75.541646
381.0,46.698582,75.511836
382.0,46.698588,75.48206
383.0,46.698593,75.452318
384.0,46.698597,75.422611
385.0,46.698599,75.392937
386.0,46.6986,75.363298
387.0,46.698607,75.333692
388.0,46.698614,75.30412
389.0,46.698621,75.274582
390.0,46.698627,75.245078
391.0,46.698633,75.215608
392.0,46.698638,75.186171
393.0,46.698643,75.156768
394.0,46.698648,75.127399
395.0,46.698651,75.098064
396.0,46.698655,75.068762
397.0,46.698658,75.039493
398.0,46.69866,75.010258
399.0,46.698662,74.981057
400.0,46.698663,74.951889
401.0,46.698664,74.922754
402.0,46.698665,74.893653
403.0,46.698664,74.864585
404.0,46.698664,74.835551
405.0,46.698663,74.806549
406.0,46.698661,74.777581
407.0,46.698659,74.748646
408.0,46.698657,74.719744
409.0,46.698654,74.690875
410.0,46.69865,74.66204
411.0,46.698647,74.633237
412.0,46.698642,74.604467
413.0,46.698638,74.57573
414.0,46.698633,74.547026
415.0,46.698628,74.518355
416.0,46.698623,74.489717
417.0,46.698617,74.461112
418.0,46.698612,74.432539
419.0,46.698606,74.403999
420.0,46.698601,74.375492
421.0,46.698595,74.347017
422.0,46.69859,74.318575
423.0,46.698585,74.290165
424.0,46.698581,74.261788
425.0,46.698577,74.233444
426.0,46.698573,74.205132
427.0,46.69857,74.176852
428.0,46.698567,74.148605
429.0,46.698566,74.12039
430.0,46.698565,74.092207
431.0,46.698563,74.064057
432.0,46.698551,74.035939
433.0,46.698539,74.007853
434.0,46.698526,73.979799
435.0,46.698512,73.951777
436.0,46.698498,73.923788
437.0,46.698483,73.89583
438.0,46.698468,73.867904
439.0,46.698452,73.840011
440.0,46.698435,73.812149
441.0,46.698418,73.784319
442.0,46.6984,73.756521
443.0,46.698382,73.728755
444.0,46.698364,73.701021
445.0,46.698345,73.673318
446.0,46.698326,73.645648
447.0,46.698307,73.618008
448.0,46.698288,73.590401
449.0,46.698269,73.562825
450.0,46.69825,73.53528
451.0,46.698231,73.507768
452.0,46.698212,73.480286
453.0,46.698194,73.452836
454.0,46.698176,73.425418
455.0,46.698159,73.398031
456.0,46.698143,73.370675
457.0,46.698127,73.34335
458.0,46.698113,73.316057
459.0,46.6981,73.288795
460.0,46.698088,73.261565
461.0,46.698077,73.234365
462.0,46.698068,73.207197
463.0,46.698062,73.180059
464.0,46.698057,73.152953
465.0,46.698054,73.125878
466.0,46.698054,73.098833
467.0,46.698057,73.07182
468.0,46.698063,73.044838
469.0,46.698072,73.017886
470.0,46.698084,72.990965
471.0,46.698091,72.964076
472.0,46.698067,72.937216
473.0,46.698042,72.910388
474.0,46.698017,72.88359
475.0,46.697992,72.856823
476.0,46.697966,72.830087
477.0,46.69794,72.803381
478.0,46.697914,72.776706
479.0,46.697887,72.750061
480.0,46.697861,72.723447
481.0,46.697834,72.696864
482.0,46.697807,72.67031
483.0,46.69778,72.643787
484.0,46.697754,72.617295
485.0,46.697728,72.590833
486.0,46.697702,72.564401
487.0,46.697676,72.537999
488.0,46.697652,72.511628
489.0,46.697628,72.485286
490.0,46.697604,72.458975
491.0,46.697582,72.432694
492.0,46.69756,72.406443
493.0,46.69754,72.380222
494.0,46.697522,72.354031
495.0,46.697504,72.32787
496.0,46.697489,72.301739
497.0,46.697475,72.275638
498.0,46.697463,72.249567
499.0,46.697454,72.223525
500.0,46.697447,72.197514
501.0,46.697442,72.171532
502.0,46.69744,72.14558
503.0,46.697441,72.119657
504.0,46.697446,72.093765
505.0,46.697453,72.067901
506.0,46.697465,72.042068
507.0,46.69748,72.016264
508.0,46.6975,71.990489
509.0,46.697524,71.964744
510.0,46.697552,71.939029
511.0,46.69758,71.913343
512.0,46.697585,71.887686
513.0,46.697592,71.862059
514.0,46.697599,71.836461
515.0,46.697608,71.810892
516.0,46.697618,71.785353
517.0,46.697628,71.759842
518.0,46.69764,71.734361
519.0,46.697653,71.708909
520.0,46.697667,71.683487
521.0,46.697681,71.658093
522.0,46.697697,71.632728
523.0,46.697713,71.607393
524.0,46.69773,71.582086
525.0,46.697748,71.556808
526.0,46.697766,71.531559
527.0,46.697785,71.50634
528.0,46.697805,71.481149
529.0,46.697825,71.455986
530.0,46.697845,71.430853
531.0,46.697866,71.405748
532.0,46.697887,71.380672
533.0,46.697908,71.355625
534.0,46.697929,71.330607
535.0,46.69795,71.305617
536.0,46.697971,71.280655
537.0,46.697992,71.255722
538.0,46.698012,71.230818
539.0,46.698032,71.205942
540.0,46.698051,71.181095
541.0,46.698076,71.156276
542.0,46.698103,71.131485
543.0,46.69813,71.106723
544.0,46.698157,71.081989
545.0,46.698184,71.057284
546.0,46.698212,71.032607
547.0,46.698239,71.007958
548.0,46.698266,70.983337
549.0,46.698293,70.958744
550.0,46.698319,70.93418
551.0,46.698346,70.909643
552.0,46.698371,70.885135
553.0,46.698396,70.860654
554.0,46.698421,70.836202
555.0,46.698445,70.811778
556.0,46.698468,70.787381
557.0,46.69849,70.763013
558.0,46.69851,70.738672
559.0,46.69853,70.714359
560.0,46.698549,70.690074
561.0,46.698566,70.665817
562.0,46.698581,70.641588
563.0,46.698595,70.617386
564.0,46.698607,70.593212
565.0,46.698617,70.569065
566.0,46.698625,70.544947
567.0,46.698631,70.520855
568.0,46.698635,70.496792
569.0,46.698636,70.472756
570.0,46.69864,70.448747
571.0,46.698652,70.424766
572.0,46.698663,70.400812
573.0,46.698673,70.376886
574.0,46.698682,70.352987
575.0,46.698691,70.329115
576.0,46.698699,70.305271
577.0,46.698707,70.281454
578.0,46.698713,70.257664
579.0,46.698719,70.233902
580.0,46.698724,70.210166
581.0,46.698728,70.186458
582.0,46.698732,70.162777
583.0,46.698735,70.139123
584.0,46.698737,70.115496
585.0,46.698739,70.091896
586.0,46.69874,70.068323
587.0,46.69874,70.044777
588.0,46.69874,70.021258
589.0,46.698739,69.997765
590.0,46.698738,69.9743
591.0,46.698736,69.950862
592.0,46.698734,69.92745
593.0,46.698731,69.904065
594.0,46.698728,69.880707
595.0,46.698724,69.857375
596.0,46.698721,69.834071
597.0,46.698717,69.810793
598.0,46.698712,69.787541
599.0,46.698708,69.764316
600.0,46.698701,69.741118
601.0,46.698693,69.717946
602.0,46.698684,69.694801
603.0,46.698675,69.671682
604.0,46.698666,69.64859
605.0,46.698657,69.625524
606.0,46.698647,69.602484
607.0,46.698637,69.579471
608.0,46.698627,69.556484
609.0,46.698617,69.533523
610.0,46.698607,69.510589
611.0,46.698597,69.487681
612.0,46.698587,69.464799
613.0,46.698577,69.441943
614.0,46.698567,69.419113
615.0,46.698557,69.39631
616.0,46.698548,69.373532
617.0,46.698539,69.350781
618.0,46.698531,69.328056
619.0,46.698524,69.305356
620.0,46.698517,69.282683
621.0,46.69851,69.260035
622.0,46.698505,69.237414
623.0,46.698501,69.214818
624.0,46.698497,69.192248
625.0,46.698495,69.169704
626.0,46.698494,69.147186
627.0,46.698494,69.124693
628.0,46.698495,69.102226
629.0,46.698493,69.079785
630.0,46.698487,69.05737
631.0,46.698481,69.03498
632.0,46.698475,69.012616
633.0,46.69847,68.990277
634.0,46.698465,68.967964
635.0,46.69846,68.945676
636.0,46.698456,68.923414
637.0,46.698451,68.901177
638.0,46.698448,68.878966
639.0,46.698444,68.85678
640.0,46.698441,68.83462
641.0,46.698439,68.812485
642.0,46.698436,68.790375
643.0,46.698435,68.76829
644.0,46.698433,68.746231
645.0,46.698432,68.724197
646.0,46.698431,68.702188
647.0,46.698431,68.680204
648.0,46.698431,68.658246
649.0,46.698432,68.636312
650.0,46.698433,68.614404
651.0,46.698435,68.59252
652.0,46.698437,68.570662
653.0,46.698439,68.548829
654.0,46.698442,68.527021
655.0,46.698445,68.505237
656.0,46.698448,68.483479
657.0,46.698452,68.461745
658.0,46.698457,68.440036
659.0,46.698461,68.418352
660.0,46.698466,68.396693
661.0,46.69847,68.375059
662.0,46.698475,68.353449
663.0,46.698481,68.331864
664.0,46.698486,68.310304
665.0,46.698492,68.288768
666.0,46.698498,68.267257
667.0,46.698504,68.245771
668.0,46.69851,68.224309
669.0,46.698517,68.202871
670.0,46.698523,68.181459
671.0,46.698529,68.16007
672.0,46.698536,68.138706
673.0,46.698542,68.117367
674.0,46.698548,68.096052
675.0,46.698554,68.074761
676.0,46.69856,68.053495
677.0,46.698565,68.032253
678.0,46.698571,68.011035
679.0,46.698576,67.989842
680.0,46.69858,67.968673
681.0,46.698584,67.947527
682.0,46.698588,67.926407
683.0,46.698591,67.90531
684.0,46.698594,67.884237
685.0,46.698596,67.863189
686.0,46.698597,67.842164
687.0,46.698597,67.821164
688.0,46.698605,67.800188
689.0,46.698616,67.779235
690.0,46.698628,67.758307
691.0,46.698641,67.737402
692.0,46.698653,67.716521
693.0,46.698667,67.695665
694.0,46.69868,67.674832
695.0,46.698694,67.654023
696.0,46.698708,67.633237
697.0,46.698723,67.612476
698.0,46.698738,67.591738
699.0,46.698753,67.571024
700.0,46.698769,67.550333
701.0,46.698785,67.529667
702.0,46.698801,67.509023
703.0,46.698817,67.488404
704.0,46.698833,67.467808
705.0,46.69885,67.447235
706.0,46.698866,67.426686
707.0,46.698883,67.406161
708.0,46.6989,67.385659
709.0,46.698916,67.36518
710.0,46.698932,67.344725
711.0,46.698949,67.324294
712.0,46.698965,67.303885
713.0,46.69898,67.2835
714.0,46.698996,67.263138
715.0,46.699011,67.2428
716.0,46.699025,67.222485
717.0,46.699039,67.202193
718.0,46.699053,67.181924
719.0,46.699065,67.161678
720.0,46.699077,67.141456
721.0,46.699089,67.121256
722.0,46.699099,67.10108
723.0,46.699108,67.080927
724.0,46.699116,67.060797
725.0,46.699123,67.040689
726.0,46.699128,67.020605
727.0,46.699132,67.000544
728.0,46.699135,66.980506
729.0,46.699136,66.96049
730.0,46.699135,66.940498
731.0,46.699133,66.920528
732.0,46.699128,66.900581
733.0,46.699122,66.880657
734.0,46.699113,66.860756
735.0,46.699101,66.840877
736.0,46.699088,66.821021
737.0,46.699079,66.801188
738.0,46.699097,66.781378
739.0,46.699114,66.76159
740.0,46.699131,66.741825
741.0,46.699149,66.722082
742.0,46.699167,66.702362
743.0,46.699185,66.682665
744.0,46.699203,66.66299
745.0,46.699222,66.643337
746.0,46.69924,66.623707
747.0,46.699258,66.6041
748.0,46.699276,66.584514
749.0,46.699295,66.564952
750.0,46.699313,66.545411
751.0,46.699331,66.525893
752.0,46.699349,66.506397
753.0,46.699367,66.486924
754.0,46.699384,66.467472
755.0,46.699401,66.448043
756.0,46.699418,66.428637
757.0,46.699435,66.409252
758.0,46.699451,66.389889
759.0,46.699466,66.370549
760.0,46.699481,66.351231
761.0,46.699496,66.331935
762.0,46.69951,66.312661
763.0,46.699523,66.293408
764.0,46.699535,66.274178
765.0,46.699546,66.25497
766.0,46.699557,66.235784
767.0,46.699566,66.21662
768.0,46.699574,66.197478
769.0,46.699581,66.178357
770.0,46.699587,66.159259
771.0,46.699592,66.140182
772.0,46.699595,66.121127
773.0,46.699597,66.102094
774.0,46.699597,66.083082
775.0,46.699595,66.064092
776.0,46.699592,66.045124
777.0,46.699587,66.026178
778.0,46.699579,66.007253
779.0,46.69957,65.98835
780.0,46.699559,65.969469
781.0,46.699545,65.950609
782.0,46.699528,65.931771
783.0,46.699509,65.912954
784.0,46.699488,65.894159
785.0,46.699464,65.875385
786.0,46.699436,65.856632
787.0,46.699434,65.837902
788.0,46.699439,65.819192
789.0,46.699444,65.800504
790.0,46.699449,65.781837
791.0,46.699453,65.763192
792.0,46.699458,65.744568
793.0,46.699462,65.725965
794.0,46.699466,65.707383
795.0,46.69947,65.688823
796.0,46.699474,65.670284
797.0,46.699477,65.651766
798.0,46.69948,65.633269
799.0,46.699483,65.614793
800.0,46.699486,65.596339
801.0,46.699488,65.577905
802.0,46.69949,65.559493
803.0,46.699492,65.541101
804.0,46.699493,65.522731
805.0,46.699494,65.504382
806.0,46.699495,65.486053
807.0,46.699495,65.467746
808.0,46.699495,65.449459
809.0,46.699494,65.431194
810.0,46.699493,65.412949
811.0,46.699491,65.394725
812.0,46.699489,65.376522
813.0,46.699486,65.35834
814.0,46.699483,65.340178
815.0,46.69948,65.322037
816.0,46.699475,65.303917
817.0,46.69947,65.285818
818.0,46.699465,65.267739
819.0,46.699459,65.249681
820.0,46.699452,65.231644
821.0,46.699444,65.213627
822.0,46.699436,65.195631
823.0,46.699426,65.177655
824.0,46.699417,65.1597
825.0,46.699406,65.141766
826.0,46.699394,65.123852
827.0,46.699382,65.105958
828.0,46.699368,65.088085
829.0,46.699354,65.070232
830.0,46.699338,65.0524
831.0,46.699322,65.034588
832.0,46.699304,65.016797
833.0,46.699286,64.999025
834.0,46.699266,64.981274
835.0,46.699245,64.963544
836.0,46.699227,64.945833
837.0,46.699217,64.928143
838.0,46.699207,64.910473
839.0,46.699198,64.892824
840.0,46.699188,64.875194
841.0,46.699178,64.857584
842.0,46.699167,64.839995
843.0,46.699157,64.822426
844.0,46.699147,64.804877
845.0,46.699136,64.787348
846.0,46.699126,64.769839
847.0,46.699115,64.752349
848.0,46.699104,64.73488
849.0,46.699093,64.717431
850.0,46.699083,64.700002
851.0,46.699072,64.682593
852.0,46.699061,64.665203
853.0,46.69905,64.647834
854.0,46.699039,64.630484
855.0,46.699028,64.613154
856.0,46.699017,64.595844
857.0,46.699006,64.578554
858.0,46.698995,64.561283
859.0,46.698984,64.544033
860.0,46.698973,64.526801
861.0,46.698962,64.50959
862.0,46.698951,64.492398
863.0,46.69894,64.475226
864.0,46.69893,64.458074
865.0,46.698919,64.440941
866.0,46.698909,64.423828
867.0,46.698899,64.406734
868.0,46.698888,64.38966
869.0,46.698878,64.372605
870.0,46.698868,64.35557
871.0,46.698859,64.338554
872.0,46.698849,64.321558
873.0,46.69884,64.304581
874.0,46.698831,64.287623
875.0,46.698822,64.270685
876.0,46.698813,64.253766
877.0,46.698805,64.236867
878.0,46.698797,64.219986
879.0,46.698789,64.203126
880.0,46.698781,64.186284
881.0,46.698774,64.169462
882.0,46.698767,64.152658
883.0,46.69876,64.135874
884.0,46.698754,64.11911
885.0,46.698748,64.102364
886.0,46.69874,64.085638
887.0,46.698731,64.06893
888.0,46.698723,64.052242
889.0,46.698714,64.035573
890.0,46.698706,64.018922
891.0,46.698698,64.002291
892.0,46.698689,63.985679
893.0,46.698682,63.969086
894.0,46.698674,63.952512
895.0,46.698666,63.935956
896.0,46.698659,63.91942
897.0,46.698651,63.902902
898.0,46.698644,63.886404
899.0,46.698637,63.869924
900.0,46.69863,63.853463
901.0,46.698624,63.837021
902.0,46.698617,63.820597
903.0,46.698611,63.804193
904.0,46.698605,63.787807
905.0,46.698599,63.77144
906.0,46.698594,63.755091
907.0,46.698588,63.738761
908.0,46.698583,63.72245
909.0,46.698578,63.706158
910.0,46.698573,63.689884
911.0,46.698569,63.673629
912.0,46.698565,63.657392
913.0,46.698561,63.641174
914.0,46.698557,63.624974
915.0,46.698553,63.608793
916.0,46.69855,63.59263
917.0,46.698547,63.576486
918.0,46.698544,63.56036
919.0,46.698541,63.544253
920.0,46.698539,63.528164
921.0,46.698537,63.512093
922.0,46.698535,63.496041
923.0,46.698533,63.480007
924.0,46.698532,63.463992
925.0,46.698531,63.447994
926.0,46.69853,63.432015
927.0,46.69853,63.416055
928.0,46.69853,63.400112
929.0,46.69853,63.384188
930.0,46.69853,63.368282
931.0,46.698531,63.352394
932.0,46.698532,63.336524
933.0,46.698533,63.320672
934.0,46.698534,63.304839
935.0,46.698536,63.289023
936.0,46.698536,63.273226
937.0,46.698537,63.257446
938.0,46.698537,63.241685
939.0,46.698538,63.225942
940.0,46.698539,63.210216
941.0,46.698541,63.194509
942.0,46.698542,63.17882
943.0,46.698543,63.163148
944.0,46.698545,63.147494
945.0,46.698547,63.131859
946.0,46.698549,63.116241
947.0,46.698551,63.100641
948.0,46.698553,63.085058
949.0,46.698555,63.069494
950.0,46.698557,63.053947
951.0,46.69856,63.038418
952.0,46.698562,63.022907
953.0,46.698564,63.007414
954.0,46.698567,62.991938
955.0,46.69857,62.97648
956.0,46.698572,62.961039
957.0,46.698575,62.945617
958.0,46.698578,62.930211
959.0,46.69858,62.914824
960.0,46.698583,62.899454
961.0,46.698586,62.884101
962.0,46.698588,62.868767
963.0,46.698591,62.853449
964.0,46.698594,62.838149
965.0,46.698596,62.822867
966.0,46.698599,62.807602
967.0,46.698601,62.792354
968.0,46.698604,62.777124
969.0,46.698606,62.761911
970.0,46.698608,62.746716
971.0,46.69861,62.731538
972.0,46.698612,62.716377
973.0,46.698614,62.701234
974.0,46.698615,62.686108
975.0,46.698617,62.670999
976.0,46.698618,62.655908
977.0,46.698619,62.640833
978.0,46.69862,62.625776
979.0,46.69862,62.610736
980.0,46.698621,62.595714
981.0,46.698621,62.580708
982.0,46.698621,62.56572
983.0,46.69862,62.550748
984.0,46.698619,62.535794
985.0,46.698622,62.520857
986.0,46.698625,62.505937
987.0,46.698627,62.491034
988.0,46.69863,62.476148
989.0,46.698633,62.461279
990.0,46.698636,62.446427
991.0,46.698639,62.431592
992.0,46.698641,62.416774
993.0,46.698644,62.401973
994.0,46.698647,62.387188
995.0,46.698649,62.372421
996.0,46.698652,62.35767
997.0,46.698654,62.342937
998.0,46.698657,62.32822
999.0,46.698659,62.31352
1000.0,46.698661,62.298837
1001.0,46.698663,62.28417
1002.0,46.698666,62.26952
1003.0,46.698668,62.254887
1004.0,46.69867,62.240271
1005.0,46.698671,62.225671
1006.0,46.698673,62.211088
1007.0,46.698675,62.196522
1008.0,46.698676,62.181973
1009.0,46.698678,62.167439
1010.0,46.698679,62.152923
1011.0,46.698681,62.138423
1012.0,46.698682,62.12394
1013.0,46.698683,62.109473
1014.0,46.698683,62.095023
1015.0,46.698684,62.080589
1016.0,46.698685,62.066172
1017.0,46.698685,62.051771
1018.0,46.698686,62.037387
1019.0,46.698686,62.023019
1020.0,46.698686,62.008667
1021.0,46.698685,61.994332
1022.0,46.698685,61.980013
1023.0,46.698685,61.965711
1024.0,46.698684,61.951425
1025.0,46.698683,61.937155
1026.0,46.698682,61.922902
1027.0,46.698681,61.908665
1028.0,46.698679,61.894444
1029.0,46.698678,61.880239
1030.0,46.698676,61.86605
1031.0,46.698674,61.851878
1032.0,46.698671,61.837722
1033.0,46.698669,61.823582
1034.0,46.698667,61.809458
1035.0,46.698666,61.795351
1036.0,46.698665,61.781259
1037.0,46.698663,61.767184
1038.0,46.698662,61.753124
1039.0,46.698661,61.739081
1040.0,46.698659,61.725054
1041.0,46.698658,61.711043
1042.0,46.698656,61.697047
1043.0,46.698655,61.683068
1044.0,46.698653,61.669105
1045.0,46.698651,61.655157
1046.0,46.698649,61.641226
1047.0,46.698647,61.62731
1048.0,46.698645,61.613411
1049.0,46.698643,61.599527
1050.0,46.698641,61.585659
1051.0,46.698639,61.571807
1052.0,46.698637,61.557971
1053.0,46.698635,61.54415
1054.0,46.698633,61.530345
1055.0,46.698631,61.516557
1056.0,46.698629,61.502783
1057.0,46.698627,61.489026
1058.0,46.698624,61.475284
1059.0,46.698622,61.461558
1060.0,46.69862,61.447848
1061.0,46.698618,61.434153
1062.0,46.698616,61.420474
1063.0,46.698614,61.40681
1064.0,46.698611,61.393163
1065.0,46.698609,61.37953
1066.0,46.698607,61.365914
1067.0,46.698605,61.352312
1068.0,46.698604,61.338727
1069.0,46.698602,61.325157
1070.0,46.6986,61.311602
1071.0,46.698598,61.298063
1072.0,46.698597,61.284539
1073.0,46.698595,61.271031
1074.0,46.698594,61.257538
1075.0,46.698593,61.244061
1076.0,46.698591,61.230599
1077.0,46.69859,61.217152
1078.0,46.698589,61.203721
1079.0,46.698589,61.190305
1080.0,46.698588,61.176904
1081.0,46.698588,61.163519
1082.0,46.698588,61.150149
1083.0,46.698588,61.136794
1084.0,46.698585,61.123454
1085.0,46.698583,61.11013
1086.0,46.698581,61.096821
1087.0,46.698579,61.083527
1088.0,46.698576,61.070248
1089.0,46.698574,61.056985
1090.0,46.698572,61.043736
1091.0,46.69857,61.030503
1092.0,46.698568,61.017285
1093.0,46.698565,61.004082
1094.0,46.698563,60.990893
1095.0,46.698561,60.977721
1096.0,46.698559,60.964563
1097.0,46.698557,60.95142
1098.0,46.698555,60.938292
1099.0,46.698553,60.925179
1100.0,46.698552,60.912081
1101.0,46.69855,60.898998
1102.0,46.698548,60.88593
1103.0,46.698546,60.872877
1104.0,46.698545,60.859838
1105.0,46.698543,60.846815
1106.0,46.698542,60.833807
1107.0,46.69854,60.820813
1108.0,46.698539,60.807834
1109.0,46.698538,60.79487
1110.0,46.698536,60.781921
1111.0,46.698535,60.768987
1112.0,46.698534,60.756067
1113.0,46.698533,60.743162
1114.0,46.698533,60.730272
1115.0,46.698532,60.717397
1116.0,46.698531,60.704536
1117.0,46.698531,60.69169
1118.0,46.69853,60.678859
1119.0,46.69853,60.666042
1120.0,46.69853,60.65324
1121.0,46.69853,60.640452
1122.0,46.69853,60.627679
1123.0,46.69853,60.614921
1124.0,46.69853,60.602177
1125.0,46.698531,60.589448
1126.0,46.698532,60.576734
1127.0,46.698532,60.564034
1128.0,46.698533,60.551348
1129.0,46.698534,60.538677
1130.0,46.698536,60.52602
1131.0,46.698537,60.513378
1132.0,46.698539,60.50075
1133.0,46.698538,60.488137
1134.0,46.698535,60.475538
1135.0,46.698533,60.462953
1136.0,46.69853,60.450383
1137.0,46.698527,60.437827
1138.0,46.698524,60.425285
1139.0,46.698521,60.412758
1140.0,46.698518,60.400245
1141.0,46.698515,60.387746
1142.0,46.698512,60.375262
1143.0,46.698509,60.362791
1144.0,46.698505,60.350335
1145.0,46.698502,60.337894
1146.0,46.698498,60.325466
1147.0,46.698495,60.313053
1148.0,46.698491,60.300654
1149.0,46.698487,60.288269
1150.0,46.698484,60.275898
1151.0,46.69848,60.263541
1152.0,46.698476,60.251198
1153.0,46.698472,60.23887
1154.0,46.698468,60.226555
1155.0,46.698464,60.214255
1156.0,46.69846,60.201968
1157.0,46.698456,60.189696
1158.0,46.698452,60.177437
1159.0,46.698448,60.165193
1160.0,46.698443,60.152962
1161.0,46.698439,60.140746
1162.0,46.698435,60.128543
1163.0,46.69843,60.116355
1164.0,46.698426,60.10418
1165.0,46.698422,60.092019
1166.0,46.698417,60.079872
1167.0,46.698413,60.067739
1168.0,46.698408,60.05562
1169.0,46.698403,60.043515
1170.0,46.698399,60.031423
1171.0,46.698394,60.019345
1172.0,46.69839,60.007281
1173.0,46.698385,59.995231
1174.0,46.69838,59.983195
1175.0,46.698376,59.971172
1176.0,46.698371,59.959163
1177.0,46.698367,59.947168
1178.0,46.698362,59.935186
1179.0,46.698357,59.923218
1180.0,46.698353,59.911264
1181.0,46.698348,59.899323
1182.0,46.698344,59.887396
1183.0,46.698339,59.875483
1184.0,46.698335,59.863583
1185.0,46.69833,59.851697
1186.0,46.698326,59.839824
1187.0,46.698321,59.827965
1188.0,46.698317,59.81612
1189.0,46.698313,59.804288
1190.0,46.698308,59.792469
1191.0,46.698304,59.780664
1192.0,46.6983,59.768873
1193.0,46.698296,59.757094
1194.0,46.698292,59.74533
1195.0,46.698288,59.733579
1196.0,46.698284,59.721841
1197.0,46.69828,59.710116
1198.0,46.698276,59.698405
1199.0,46.698273,59.686708
1200.0,46.698269,59.675023
1201.0,46.698266,59.663352
1202.0,46.698262,59.651695
1203.0,46.698259,59.64005
1204.0,46.698256,59.628419
1205.0,46.698253,59.616802
1206.0,46.69825,59.605197
1207.0,46.698248,59.593606
1208.0,46.698245,59.582028
1209.0,46.698242,59.570463
1210.0,46.69824,59.558911
1211.0,46.698238,59.547373
1212.0,46.698236,59.535848
1213.0,46.698234,59.524336
1214.0,46.698232,59.512837
1215.0,46.698231,59.501351
1216.0,46.69823,59.489878
1217.0,46.698229,59.478418
1218.0,46.698228,59.466972
1219.0,46.698227,59.455538
1220.0,46.698226,59.444118
1221.0,46.698226,59.432711
1222.0,46.698226,59.421316
1223.0,46.698226,59.409935
1224.0,46.698226,59.398567
1225.0,46.698227,59.387211
1226.0,46.698228,59.375869
1227.0,46.698229,59.364539
1228.0,46.69823,59.353223
